{
  "camera": {
    "aspectRatio": 1.7777777910232544,
    "farZ": 10000.0,
    "fovY": 1.4137166738510132,
    "nearZ": 0.10000000149011612,
    "rotate": [
      0.0,
      0.0,
      0.0
    ],
    "scale": [
      0.10000000149011612,
      0.10000000149011612,
      0.10000000149011612
    ],
    "translate": [
      0.0,
      0.8100000023841858,
      -10.0
    ]
  }
}